Feature Index,Mean |SHAP|
[1 0 2],0.007385
[0 2 1],0.007385
[2 1 0],0.007385
[0 1 2],0.007385
[2 1 0],0.007385
[1 2 0],0.007385
[0 1 2],0.007385
[0 2 1],0.007385
[1 0 2],0.007385
[2 0 1],0.007385
[0 1 2],0.007385
[0 2 1],0.007385
[0 1 2],0.007385
[0 1 2],0.007385
[0 2 1],0.007385
[0 1 2],0.007385
[2 1 0],0.007385
[1 0 2],0.007385
[0 2 1],0.007385
[1 2 0],0.007385
