Feature Index,Mean |SHAP|
[0 1 2],0.022358
[2 0 1],0.022358
[2 1 0],0.022358
[1 2 0],0.022358
[1 0 2],0.022358
[0 1 2],0.022358
[1 0 2],0.022358
[0 1 2],0.022358
[1 0 2],0.022358
[2 0 1],0.022358
[0 2 1],0.022358
[1 2 0],0.022358
[1 0 2],0.022358
[1 0 2],0.022358
[0 1 2],0.022358
[2 0 1],0.022358
[2 1 0],0.022358
[2 0 1],0.022358
[0 1 2],0.022358
[0 2 1],0.022358
