Feature Index,Mean |SHAP|
[1 0 2],0.006884
[2 0 1],0.006884
[2 1 0],0.006884
[0 1 2],0.006884
[0 1 2],0.006884
[0 1 2],0.006884
[0 1 2],0.006884
[0 2 1],0.006884
[1 0 2],0.006884
[2 1 0],0.006884
[0 2 1],0.006884
[1 2 0],0.006884
[1 2 0],0.006884
[1 2 0],0.006884
[1 2 0],0.006884
[0 1 2],0.006884
[0 2 1],0.006884
[2 0 1],0.006884
[0 1 2],0.006884
[1 2 0],0.006884
