Feature Index,Mean |SHAP|
[0 1 2],0.005360
[2 0 1],0.005360
[2 1 0],0.005360
[0 1 2],0.005360
[0 1 2],0.005360
[0 1 2],0.005360
[0 1 2],0.005360
[0 2 1],0.005360
[1 0 2],0.005360
[1 0 2],0.005360
[1 2 0],0.005360
[1 2 0],0.005360
[2 0 1],0.005360
[0 1 2],0.005360
[2 0 1],0.005360
[0 2 1],0.005360
[1 2 0],0.005360
[0 1 2],0.005360
[1 2 0],0.005360
[0 1 2],0.005360
