Feature Index,Mean |SHAP|
[0 1 2],0.004998
[2 0 1],0.004998
[2 1 0],0.004998
[0 2 1],0.004998
[1 2 0],0.004998
[2 0 1],0.004998
[0 2 1],0.004998
[0 2 1],0.004998
[0 1 2],0.004998
[2 0 1],0.004998
[2 1 0],0.004998
[2 1 0],0.004998
[0 1 2],0.004998
[2 1 0],0.004998
[0 1 2],0.004998
[0 1 2],0.004998
[2 0 1],0.004998
[2 1 0],0.004998
[1 0 2],0.004998
[1 2 0],0.004998
