Feature Index,Mean |SHAP|
[1 0 2],0.004663
[2 0 1],0.004663
[2 1 0],0.004663
[1 0 2],0.004663
[0 1 2],0.004663
[2 0 1],0.004663
[2 0 1],0.004663
[2 1 0],0.004663
[0 1 2],0.004663
[1 2 0],0.004663
[1 0 2],0.004663
[0 1 2],0.004663
[0 2 1],0.004663
[0 2 1],0.004663
[2 0 1],0.004663
[0 1 2],0.004663
[1 0 2],0.004663
[0 2 1],0.004663
[1 2 0],0.004663
[1 2 0],0.004663
