Feature Index,Mean |SHAP|
[1 0 2],0.005842
[2 0 1],0.005842
[2 1 0],0.005842
[0 1 2],0.005842
[1 0 2],0.005842
[2 1 0],0.005842
[0 1 2],0.005842
[0 2 1],0.005842
[2 1 0],0.005842
[2 0 1],0.005842
[1 2 0],0.005842
[0 2 1],0.005842
[2 0 1],0.005842
[1 0 2],0.005842
[2 0 1],0.005842
[0 1 2],0.005842
[2 0 1],0.005842
[1 0 2],0.005842
[1 2 0],0.005842
[1 0 2],0.005842
