Feature Index,Mean |SHAP|
[0 1 2],0.014785
[2 0 1],0.014785
[2 1 0],0.014785
[0 1 2],0.014785
[0 1 2],0.014785
[0 1 2],0.014785
[0 1 2],0.014785
[2 0 1],0.014785
[2 0 1],0.014785
[1 2 0],0.014785
[0 1 2],0.014785
[0 1 2],0.014785
[0 1 2],0.014785
[0 1 2],0.014785
[0 1 2],0.014785
[0 1 2],0.014785
[0 2 1],0.014785
[2 1 0],0.014785
[1 0 2],0.014785
[0 1 2],0.014785
