Feature Index,Mean |SHAP|
[1 0 2],0.013992
[2 0 1],0.013992
[2 1 0],0.013992
[0 1 2],0.013992
[0 1 2],0.013992
[2 0 1],0.013992
[0 2 1],0.013992
[0 2 1],0.013992
[0 1 2],0.013992
[2 1 0],0.013992
[1 0 2],0.013992
[1 0 2],0.013992
[1 2 0],0.013992
[1 2 0],0.013992
[1 2 0],0.013992
[1 0 2],0.013992
[0 2 1],0.013992
[1 2 0],0.013992
[2 1 0],0.013992
[0 1 2],0.013992
