Feature Index,Mean |SHAP|
[1 0 2],0.006924
[2 0 1],0.006924
[2 1 0],0.006924
[1 0 2],0.006924
[0 1 2],0.006924
[1 2 0],0.006924
[0 1 2],0.006924
[0 1 2],0.006924
[0 1 2],0.006924
[2 0 1],0.006924
[1 0 2],0.006924
[1 2 0],0.006924
[0 1 2],0.006924
[1 0 2],0.006924
[0 1 2],0.006924
[1 0 2],0.006924
[2 1 0],0.006924
[1 2 0],0.006924
[2 0 1],0.006924
[2 0 1],0.006924
