Feature Index,Mean |SHAP|
[0 1 2],0.010493
[2 0 1],0.010493
[2 1 0],0.010493
[1 0 2],0.010493
[0 1 2],0.010493
[1 2 0],0.010493
[0 1 2],0.010493
[0 2 1],0.010493
[1 2 0],0.010493
[0 1 2],0.010493
[0 1 2],0.010493
[1 2 0],0.010493
[1 2 0],0.010493
[1 2 0],0.010493
[1 2 0],0.010493
[2 1 0],0.010493
[2 1 0],0.010493
[2 1 0],0.010493
[0 1 2],0.010493
[0 2 1],0.010493
