Feature Index,Mean |SHAP|
[1 0 2],0.003277
[2 0 1],0.003277
[2 1 0],0.003277
[0 1 2],0.003277
[2 1 0],0.003277
[0 1 2],0.003277
[0 2 1],0.003277
[2 0 1],0.003277
[2 1 0],0.003277
[0 2 1],0.003277
[0 2 1],0.003277
[0 2 1],0.003277
[0 2 1],0.003277
[0 2 1],0.003277
[0 2 1],0.003277
[2 0 1],0.003277
[2 1 0],0.003277
[2 1 0],0.003277
[1 2 0],0.003277
[0 1 2],0.003277
