Feature Index,Mean |SHAP|
[1 0 2],0.002329
[2 0 1],0.002329
[2 1 0],0.002329
[1 2 0],0.002329
[0 1 2],0.002329
[0 2 1],0.002329
[0 1 2],0.002329
[2 0 1],0.002329
[1 2 0],0.002329
[2 1 0],0.002329
[0 2 1],0.002329
[0 2 1],0.002329
[0 1 2],0.002329
[0 1 2],0.002329
[0 1 2],0.002329
[1 2 0],0.002329
[0 1 2],0.002329
[0 2 1],0.002329
[1 0 2],0.002329
[2 0 1],0.002329
