Feature Index,Mean |SHAP|
[1 0 2],0.008913
[2 0 1],0.008913
[2 1 0],0.008913
[0 1 2],0.008913
[1 0 2],0.008913
[1 2 0],0.008913
[0 1 2],0.008913
[1 2 0],0.008913
[0 1 2],0.008913
[1 0 2],0.008913
[1 0 2],0.008913
[0 1 2],0.008913
[0 2 1],0.008913
[1 2 0],0.008913
[2 0 1],0.008913
[0 1 2],0.008913
[0 1 2],0.008913
[0 1 2],0.008913
[0 1 2],0.008913
[2 1 0],0.008913
