Feature Index,Mean |SHAP|
[0 1 2],0.010976
[2 0 1],0.010976
[2 1 0],0.010976
[0 2 1],0.010976
[0 2 1],0.010976
[0 1 2],0.010976
[1 0 2],0.010976
[0 1 2],0.010976
[1 0 2],0.010976
[1 0 2],0.010976
[1 2 0],0.010976
[1 0 2],0.010976
[1 2 0],0.010976
[1 2 0],0.010976
[1 0 2],0.010976
[1 2 0],0.010976
[0 2 1],0.010976
[0 1 2],0.010976
[0 2 1],0.010976
[0 1 2],0.010976
