Feature Index,Mean |SHAP|
[1 0 2],0.005899
[2 0 1],0.005899
[2 1 0],0.005899
[0 2 1],0.005899
[1 0 2],0.005899
[0 2 1],0.005899
[0 1 2],0.005899
[0 1 2],0.005899
[2 1 0],0.005899
[0 2 1],0.005899
[1 2 0],0.005899
[1 2 0],0.005899
[0 1 2],0.005899
[2 1 0],0.005899
[0 1 2],0.005899
[1 0 2],0.005899
[0 2 1],0.005899
[1 2 0],0.005899
[0 2 1],0.005899
[1 2 0],0.005899
